<?xml version="1.0" encoding="UTF-8" standalone="yes"?>
<addon id="plugin.video.kpn" name="KPN ITV" provider-name="Anon" version="2.0.1+nexus.1">
  <requires>
    <import addon="xbmc.python" version="3.0.0"/>
    <import addon="inputstream.adaptive" version="19.0.0"/>
    <import addon="script.module.fuzzywuzzy" version="0.17.1+matrix.1"/>
    <import addon="script.module.pycryptodome" version="3.4.3"/>
    <import addon="script.module.pytz" version="2019.3.0"/>
    <import addon="script.module.requests" version="2.25.0"/>
    <import addon="service.dutiptv.proxy" version="2.0.1+nexus.1"/>
    <import addon="script.module.inputstreamhelper" version="0.5.7"/>
  </requires>
  <extension point="xbmc.python.pluginsource" library="default.py">
    <provides>video</provides>
  </extension>
  <extension point="xbmc.addon.metadata">
    <summary lang="en_GB">Watch (Live) TV and content from KPN/Telfort/XS4ALL Interactive TV (Netherlands)</summary>
    <summary lang="nl_NL">Bekijk (Live) TV en content van KPN/Telfort/XS4ALL Interactieve TV (Nederland)</summary>
    <description lang="en_GB">Watch (Live) TV and content from KPN/Telfort/XS4ALL Interactive TV (Netherlands). Subscription required.</description>
    <description lang="nl_NL">Bekijk (Live) TV en content van KPN/Telfort/XS4ALL Interactieve TV (Nederland). Abonnement vereist.</description>
    <reuselanguageinvoker>true</reuselanguageinvoker>
    <assets>
      <icon>icon.png</icon>
      <fanart>fanart.jpg</fanart>
    </assets>
  </extension>
</addon>
